position,rank,organisationId,organisationName,domain,eligibilityBasis
1,30016716,ORG-D8D4A5E715CC,TAYLOR HARGREAVES LIMITED,taylorhargreaves.com,single-verified-uncontested-resolvable-domain
2,30406409,ORG-A57DFFD4C0A8,P.F. SPARE (1962) LIMITED,pfspare.co.uk,single-verified-uncontested-resolvable-domain
3,30582341,ORG-0B671C34F1E3,GLAISYERS SOLICITORS LLP,glaisyers.com,single-verified-uncontested-resolvable-domain
4,30776020,ORG-837FF20F3BBA,DAWOODS SOLICITORS,dawoods-solicitors.co.uk,single-verified-uncontested-resolvable-domain
5,31210326,ORG-A01DFED9BEFC,Towers Watson Limited,wtwco.com,single-verified-uncontested-resolvable-domain
6,31310226,ORG-CBEA23798F0B,Lexden Wealth Management Limited,lwml.co.uk,single-verified-uncontested-resolvable-domain
7,31312830,ORG-857934203043,Paloma Capital LLP,palomacapital.com,single-verified-uncontested-resolvable-domain
8,31359354,ORG-462C473D4FD3,Verlingue London Markets Limited,verlinguelondonmarkets.co.uk,single-verified-uncontested-resolvable-domain
9,31765445,ORG-D75949A38D45,Winston Taylor International LLP,winstontaylor.com,single-verified-uncontested-resolvable-domain
10,31827164,ORG-26148CD88C52,RASIAH & CO SOLICITORS,rasiah.co.uk,single-verified-uncontested-resolvable-domain
11,32382214,ORG-BFE338C79794,OPEN TRUSTEES LIMITED,opentrustees.com,single-verified-uncontested-resolvable-domain
12,32636205,ORG-FEBEF8EC9066,ALLARD BAILEY FAMILY LAW LTD,allardbailey.com,single-verified-uncontested-resolvable-domain
13,32838741,ORG-D52B28EC2AD5,Chancery West Law Limited,chancerywestlaw.com,single-verified-uncontested-resolvable-domain
14,33259515,ORG-1F731A39CF49,Luna Law Limited,lunalaw.co.uk,single-verified-uncontested-resolvable-domain
15,33367950,ORG-77B5D4DBCEBE,UTZURRUM LAW OFFICES APC,ulawoffices.com,single-verified-uncontested-resolvable-domain
16,34171822,ORG-23A943EB1AF1,VANQUIS BANK LIMITED,vanquis.com,single-verified-uncontested-resolvable-domain
17,34559148,ORG-BB0AB39B5C14,Margaret Ambrose,ambrosesolicitor.co.uk,single-verified-uncontested-resolvable-domain
18,34606589,ORG-275AA38BF4CC,HMCTS,gsi.gov.uk,single-verified-uncontested-resolvable-domain
19,35173679,ORG-6A506F7D09F5,Coolabah Capital (UK) Ltd,coolabahcapital.com,single-verified-uncontested-resolvable-domain
20,35271192,ORG-27067E55604A,Lann Finance Limited,lannfinance.co.uk,single-verified-uncontested-resolvable-domain
21,35623041,ORG-7ED318767F30,A M MORTGAGES (UK) LIMITED,themortgagebureau.co.uk,single-verified-uncontested-resolvable-domain
22,35688353,ORG-B95FB073B36D,Motorplus Limited,coplus.co.uk,single-verified-uncontested-resolvable-domain
23,36032389,ORG-5E4FCCA80F77,GIRAFFE PRIVATE FINANCE LIMITED,giraffeprivatefinance.com,single-verified-uncontested-resolvable-domain
24,36203974,ORG-5FD462588CB7,SIMPSONS SOLICITORS LIMITED,simpsonssolicitors.co.uk,single-verified-uncontested-resolvable-domain
25,37087066,ORG-E1572FFA5626,ARKAS LAW LIMITED,arkaslaw.co.uk,single-verified-uncontested-resolvable-domain
26,37257605,ORG-3C3C971BBBFB,Landlord Support Legal Solutions Limited,landlord-support.co.uk,single-verified-uncontested-resolvable-domain
27,37441718,ORG-0187E6F6E048,DONALDSON LEGAL CONSULTING,donaldsonconsulting.co.uk,single-verified-uncontested-resolvable-domain
28,37637725,ORG-E446F58AB7E0,HUDSON ADVISORS UK LIMITED,hudson-advisors.co.uk,single-verified-uncontested-resolvable-domain
29,37934141,ORG-985B662F28DE,MITCHELLS,mitchellssolicitors.co.uk,single-verified-uncontested-resolvable-domain
30,38072601,ORG-09CF2B8A7F78,Broker Direct Plc,brokerdirect.co.uk,single-verified-uncontested-resolvable-domain
31,38550397,ORG-2146E2E72393,MCM Bespoke Investment Services Limited,mcm-bespoke.com,single-verified-uncontested-resolvable-domain
32,39474166,ORG-515794439F32,New Wave Financial Services Ltd,newwavefs.co.uk,single-verified-uncontested-resolvable-domain
33,39729548,ORG-2FA91B315288,Redwood Insurance Brokers Limited,redwoodbusiness.com,single-verified-uncontested-resolvable-domain
34,39820130,ORG-F9B923F2C822,T.B.I. Financial Services Ltd.,tbifinancialservices.co.uk,single-verified-uncontested-resolvable-domain
35,39846355,ORG-2D65DC81A5A9,The Pickstock Group / SIFI Networks,thepickstockgroup.com,single-verified-uncontested-resolvable-domain
36,39939111,ORG-DA5B0BF26A1E,MBS Lighting UK Limited,mbseco.uk,single-verified-uncontested-resolvable-domain
37,40005973,ORG-CD57D366DA4F,HICKMAN CONSTRUCTION LAW LIMITED,hcllegal.com,single-verified-uncontested-resolvable-domain
38,40106293,ORG-CCE8EC31C672,K AND K SOLICITORS LIMITED,kandksolicitors.co.uk,single-verified-uncontested-resolvable-domain
39,40656466,ORG-16005B95CFF3,Breedy Henderson (Legal Services) Limited,breedyhenderson.com,single-verified-uncontested-resolvable-domain
40,40685958,ORG-DB5383B98ACB,MAIDEN GLOBAL HOLDINGS LTD.,maideninsurancepartnerships.com,single-verified-uncontested-resolvable-domain
41,40805628,ORG-2CACD94EB5F6,TMJ LEGAL SERVICES LIMITED,tmjlegal.co.uk,single-verified-uncontested-resolvable-domain
42,41182307,ORG-441421211649,Fennel Financial Services Ltd,fennelfinancial.co.uk,single-verified-uncontested-resolvable-domain
43,42819891,ORG-772C2E25FC85,Thornbridge Investment Management LLP,thornbridge.com,single-verified-uncontested-resolvable-domain
44,42877165,ORG-F496C54D0518,KINGSFORDS SOLICITORS LIMITED,kingsfords-solicitors.com,single-verified-uncontested-resolvable-domain
45,42890754,ORG-FD7898804897,MAPS WEALTH MANAGEMENT LIMITED,mapswealth.co.uk,single-verified-uncontested-resolvable-domain
46,42894456,ORG-A4C0AF42C275,HELEN AND IAN SAUL SOLICITORS,lawtoyourdoor.co.uk,single-verified-uncontested-resolvable-domain
47,42974390,ORG-D5919170D4DD,WISEMAN WINGATE SOLICITORS LTD,wisemanwingate.com,single-verified-uncontested-resolvable-domain
48,43643711,ORG-2B4F490E12E3,LEASE LAW LIMITED,leaselaw.co.uk,single-verified-uncontested-resolvable-domain
49,43687009,ORG-E39FEA54B645,AMH GROUP NOTTINGHAM LTD,amhsolicitors.co.uk,single-verified-uncontested-resolvable-domain
50,43723742,ORG-E681F27D399F,TOTE (SUCCESSOR COMPANY) LIMITED,betfred.com,single-verified-uncontested-resolvable-domain
51,44222383,ORG-BCBCEB2E2DD7,Occam Underwriting Limited,occamunderwriting.com,single-verified-uncontested-resolvable-domain
52,44880328,ORG-B3CDF1391697,Stage Capital Management Limited,stagecap.com,single-verified-uncontested-resolvable-domain
53,45202864,ORG-C0EEAA76241E,BORTSTEIN LLP,blegalgroup.com,single-verified-uncontested-resolvable-domain
54,45216304,ORG-E985147B1FC9,C. L. LAW,chris-law.com,single-verified-uncontested-resolvable-domain
55,45369227,ORG-FF8523B1BB17,RAHMAN LOWE LTD,rllaw.co.uk,single-verified-uncontested-resolvable-domain
56,45694809,ORG-7D7022C5D9CA,LEGAL HD LTD,legalhd.co.uk,single-verified-uncontested-resolvable-domain
57,46039432,ORG-AA9EB96A479B,Family Finance Limited,familyfinanceltd.co.uk,single-verified-uncontested-resolvable-domain
58,46841023,ORG-B4AFEE6F4B6F,Kreston Law Limited,krestonsolicitors.com,single-verified-uncontested-resolvable-domain
59,46897131,ORG-E356DECA5B46,WISE INSURANCE SERVICES LIMITED,insurancewise.co.uk,single-verified-uncontested-resolvable-domain
60,46994872,ORG-AC1059E5FF5F,HETHERINGTONS SOLICITORS LIMITED,hetheringtonssolicitors.com,single-verified-uncontested-resolvable-domain
61,47527396,ORG-AC937AF9D719,West Park Investment Partnership Limited,wpip.co.uk,single-verified-uncontested-resolvable-domain
62,47624097,ORG-1D60FAD0C3EB,WestParc Law Limited,westparclaw.co.uk,single-verified-uncontested-resolvable-domain
63,48154837,ORG-C3CC024E471B,KEPLER WOLF LIMITED,keplerwolf.com,single-verified-uncontested-resolvable-domain
64,48407273,ORG-201796132BA5,INVINITIVE FINANCIAL UK LTD.,invinitive.co.uk,single-verified-uncontested-resolvable-domain
65,48467086,ORG-7F5160D59AA7,Kimmeridge Energy Management LTD,kimmeridge.com,single-verified-uncontested-resolvable-domain
66,48515810,ORG-85C0F718830A,Lawfrancis Solicitors LLP,lawfrancis.co.uk,single-verified-uncontested-resolvable-domain
67,48664008,ORG-351209A2FBD7,ANGELS SOLICITORS,angelssolicitors.co.uk,single-verified-uncontested-resolvable-domain
68,48838694,ORG-937026BA8882,BARBARA JACOBS & CO,barbarajacobs.co.uk,single-verified-uncontested-resolvable-domain
69,49549411,ORG-4304BA06945E,Osprey Wealth Management Limited,ospreywealth.co.uk,single-verified-uncontested-resolvable-domain
70,50591459,ORG-FC42616F7D24,DICKSONS SOLICITORS LIMITED,dicksonssolicitors.co.uk,single-verified-uncontested-resolvable-domain
71,51075380,ORG-233F37AB8D47,Markerstudy Insurance Services Limited,markerstudy.com,single-verified-uncontested-resolvable-domain
72,51369693,ORG-C3509CCD39DA,Shemmings Hathaway LLP,shemmings-hathaway.com,single-verified-uncontested-resolvable-domain
73,51818185,ORG-FA0BF33C7419,ASKEWS SOLICITORS LIMITED,askews.com,single-verified-uncontested-resolvable-domain
74,52077784,ORG-B49EDED4C41E,NCP LIMITED,ncp.co.uk,single-verified-uncontested-resolvable-domain
75,52518513,ORG-3FE77501E3C6,WOLTON & CO,woltonlegal.co.uk,single-verified-uncontested-resolvable-domain
76,52595177,ORG-E8C2B2C90D74,Arch Managing Agency Limited,insurance.archgroup.com,single-verified-uncontested-resolvable-domain
77,52802999,ORG-873163082F45,EcoM SOLICITORS,ecomsolicitors.com,single-verified-uncontested-resolvable-domain
78,53212203,ORG-F7FB307DE23B,MARYLEBONE CRICKET CLUB,lords.org.uk,single-verified-uncontested-resolvable-domain
79,53557566,ORG-573F08693DB7,Royal National Institute of Blind People,rnib.org.uk,single-verified-uncontested-resolvable-domain
80,53615835,ORG-F6E90E6EAED5,Benson George Solicitors,bensongeorge-solicitors.co.uk,single-verified-uncontested-resolvable-domain
81,53690107,ORG-174BA812A7D3,ALEXANDRA JAMES - LAWYERS & CONSULTANTS,alexandrajameslaw.co.uk,single-verified-uncontested-resolvable-domain
82,54207251,ORG-CD2EAD189B3E,ActiveQuote Limited,activequote.com,single-verified-uncontested-resolvable-domain
83,54849299,ORG-7850E29330C4,Tarian (Yswiriant) Cyfyngedig,tarianarlein.com,single-verified-uncontested-resolvable-domain
84,55084378,ORG-62C252D5CF31,ALFRED VAUGHAN & CO LIMITED,vaughans.co,single-verified-uncontested-resolvable-domain
85,55217117,ORG-53F5AF682C0D,MT Polo Limited,mtpolo.co.uk,single-verified-uncontested-resolvable-domain
86,55316050,ORG-699F710830AD,Graceon Law Ltd,graceonlaw.co.uk,single-verified-uncontested-resolvable-domain
87,56814772,ORG-174AB8681A63,CANON EUROPE LIMITED,canon-europe.com,single-verified-uncontested-resolvable-domain
88,56922625,ORG-561862838AC4,PILLINGER & ASSOCIATES LIMITED,pillingerandassociates.co.uk,single-verified-uncontested-resolvable-domain
89,57297198,ORG-8FCA2E97ED99,Teledyne UK Limited,e2v.com,single-verified-uncontested-resolvable-domain
90,57344908,ORG-2237B7BF01B6,ALCOTT SOLICITORS LIMITED,alcottsolicitors.com,single-verified-uncontested-resolvable-domain
91,57478799,ORG-42C79D4517C0,THE LAW FIRM GROUP LTD,thelawfirm.group,single-verified-uncontested-resolvable-domain
92,57742720,ORG-E04816A1BC6A,CUMMINS LTD,cummins.com,single-verified-uncontested-resolvable-domain
93,57833635,ORG-0AA8939609DE,BRAMSDON & CHILDS,bramsdonandchilds.com,single-verified-uncontested-resolvable-domain
94,57880099,ORG-1F2C47DCE8E3,ZEO FINANCE LTD,zeomortgages.co.uk,single-verified-uncontested-resolvable-domain
95,58617118,ORG-F31ED976462A,WATCHFINDER.CO.UK,watchfinder.co.uk,single-verified-uncontested-resolvable-domain
96,58790930,ORG-DC2B1102808C,FUW Insurance Services Limited,fuwinsurance.co.uk,single-verified-uncontested-resolvable-domain
97,59026288,ORG-A649D3E0B3C6,CHAUNCY & CO. SOLICITORS,chauncy.co.uk,single-verified-uncontested-resolvable-domain
98,59070183,ORG-591100FBDDD3,SARASIN ASSET MANAGEMENT LIMITED,sarasinassetmanagement.com,single-verified-uncontested-resolvable-domain
99,59506583,ORG-85090AC544BD,ADLEX SOLICITORS,adlexsolicitors.co.uk,single-verified-uncontested-resolvable-domain
100,59659140,ORG-42340EC4286A,Connect2Law Ltd Trading as Muve and Nova,muve.me.uk,single-verified-uncontested-resolvable-domain
101,59760224,ORG-6B4B987F5739,ROBERTO BARBALICH,barbalich-law.eu,single-verified-uncontested-resolvable-domain
102,59779687,ORG-D7F36EB12252,YouLend Limited,youlend.com,single-verified-uncontested-resolvable-domain
103,59910977,ORG-AD828EDF83C9,SHEARMAN BOWEN LIMITED,shearmanbowen.co.uk,single-verified-uncontested-resolvable-domain
104,60166284,ORG-6CA5C9661811,Morgans Insurance Limited,morgansinsurance.co.uk,single-verified-uncontested-resolvable-domain
105,60187145,ORG-7DBBA5FB8D9A,DBW INVESTMENTS (10) LIMITED,developmentbank.wales,single-verified-uncontested-resolvable-domain
106,60292267,ORG-DD618007D252,LWM10 LTD,lakesidefs.co.uk,single-verified-uncontested-resolvable-domain
107,60293103,ORG-15570C89DDF5,PETER EDWARDS LAW LIMITED,peteredwardslaw.com,single-verified-uncontested-resolvable-domain
108,60854610,ORG-93EF61AF708B,Heritable Limited,heritableltd.co.uk,single-verified-uncontested-resolvable-domain
109,60897047,ORG-F5C2BCEB52A1,L L BARROWCLIFF LTD,llbsolicitors.co.uk,single-verified-uncontested-resolvable-domain
110,61278402,ORG-EC82EAC46CA3,MY HEALTH XTRAS LTD,myhealthxtras.co.uk,single-verified-uncontested-resolvable-domain
111,61542112,ORG-F3C8F7F528D6,Axis Professional Services Limited,axisprofessional.co.uk,single-verified-uncontested-resolvable-domain
112,61895325,ORG-4349A029276D,USS Investment Management Limited,uss.co.uk,single-verified-uncontested-resolvable-domain
113,62573390,ORG-35F9548A1477,GROVE SOLICITORS,grovesolicitors.co.uk,single-verified-uncontested-resolvable-domain
114,62958712,ORG-54A078F91238,THE NATIONAL MAGAZINE COMPANY LIMITED,natmags.co.uk,single-verified-uncontested-resolvable-domain
115,63844984,ORG-B973CA411ECA,Universum Wealth Ltd,universumwealth.com,single-verified-uncontested-resolvable-domain
116,64037068,ORG-DE168884D0A5,G.L.M. Finance Limited,glmfinance.co.uk,single-verified-uncontested-resolvable-domain
117,64557009,ORG-AD995500AF10,K.G.J. INSURANCE BROKERS (STOURBRIDGE) LIMITED,kgjinsurance.com,single-verified-uncontested-resolvable-domain
118,65114869,ORG-3134BCD0E06D,KHATTAK SOLICITORS LTD,devpl10.getspace.us,single-verified-uncontested-resolvable-domain
119,65200931,ORG-84A0FAC88B6F,KILLIMORE FINANCIAL MANAGEMENT LTD,killimore.co.uk,single-verified-uncontested-resolvable-domain
120,65304131,ORG-D3354F687D85,IPS LAW LLP,ipslaw.co.uk,single-verified-uncontested-resolvable-domain
121,65663824,ORG-0432872BCF23,Chan Neill Solicitors LLP,cnsolicitors.com,single-verified-uncontested-resolvable-domain
122,67022292,ORG-318EB0BD8890,Barnes Law Associates Ltd,barnes-law.co.uk,single-verified-uncontested-resolvable-domain
123,68854116,ORG-15C18B8B5F2C,MOWLL LIMITED,mowll.co.uk,single-verified-uncontested-resolvable-domain
124,68979448,ORG-188225CCC586,ALISON FIELDEN & CO,alisonfielden.co.uk,single-verified-uncontested-resolvable-domain
125,69027684,ORG-622DEB0E29F9,Aly Young Law Limited,aly-young-law.co.uk,single-verified-uncontested-resolvable-domain
126,69210376,ORG-55A649178138,Clerville Investment Management LLP,clerville.co.uk,single-verified-uncontested-resolvable-domain
127,69318277,ORG-F5BE6E75B4E3,BELLEVUE LAW LIMITED,bellevuelaw.co.uk,single-verified-uncontested-resolvable-domain
128,69688424,ORG-A86ECC7AF055,INFRASTRUCTURE UK (HM TREASURY),partnershipsuk.org.uk,single-verified-uncontested-resolvable-domain
129,69806785,ORG-6D95F7F3831E,BISHOP AKERS LLP,bishopakers.co.uk,single-verified-uncontested-resolvable-domain
130,70049902,ORG-E26D61B21A91,Ludice Wealth Management Ltd,ludice.co.uk,single-verified-uncontested-resolvable-domain
131,70151864,ORG-C29E29DF0C4A,HANOVER BOND LAW LIMITED,hanoverbondlaw.com,single-verified-uncontested-resolvable-domain
132,70522142,ORG-3B43A5E498B4,Vision Integrated Exchange LTD,viexs.co.uk,single-verified-uncontested-resolvable-domain
133,70765500,ORG-674FB0C34F7F,Temple Solicitors Ltd,thetemplesolicitors.com,single-verified-uncontested-resolvable-domain
134,70840222,ORG-798A98556FDD,GOWLINGS SOLICITORS LIMITED,gowlingslaw.co.uk,single-verified-uncontested-resolvable-domain
135,70845701,ORG-5B2B6431A816,"LCM COMMODITIES, UK LLP",lcmcommodities.com,single-verified-uncontested-resolvable-domain
136,70853222,ORG-792C534B9206,Graham Dawson & Co,grahamdawsonandco.co.uk,single-verified-uncontested-resolvable-domain
137,71037554,ORG-1D6B08D25B00,Allia C&C Ltd,alliacc.com,single-verified-uncontested-resolvable-domain
138,71308685,ORG-F733D12BD56D,PRIVILEGE SOLICITORS LTD,privilegesolicitors.com,single-verified-uncontested-resolvable-domain
139,71342084,ORG-D8E0016D5207,RICHMOND CHAMBERS LLP,immigrationbarrister.co.uk,single-verified-uncontested-resolvable-domain
140,71458705,ORG-F345E1D67264,MFS INTERNATIONAL (U.K.) LIMITED,mfs.com,single-verified-uncontested-resolvable-domain
141,71608752,ORG-6CED468028FB,RAVI SOL LTD,ravisolicitors.co.uk,single-verified-uncontested-resolvable-domain
142,71719804,ORG-E3D17F667867,Boston Partners (UK) Limited,bostonpartners.co.uk,single-verified-uncontested-resolvable-domain
143,71735426,ORG-363F35EA2F4F,Empowered Legal Resolutions LTD,empoweredlegalresolutions.com,single-verified-uncontested-resolvable-domain
144,71873162,ORG-78E1462264D7,Xenia Broking Limited,xeniabroking.com,single-verified-uncontested-resolvable-domain
145,71988463,ORG-01E10ACBAE57,STANLEY GOLDMAN SOLICITORS,stanleygoldman.co.uk,single-verified-uncontested-resolvable-domain
146,72045176,ORG-A9CF4337E39A,Advanta Risk Ltd,advantarisk.co.uk,single-verified-uncontested-resolvable-domain
147,72346313,ORG-86A7ECBE1083,MORGAN PHELPS LIMITED,morganphelps.com,single-verified-uncontested-resolvable-domain
148,72610341,ORG-22AC9373BD52,Haris Law Limited,harislaw.co.uk,single-verified-uncontested-resolvable-domain
149,72687172,ORG-A5957EA3AC2D,AACNI (ENGLAND) LIMITED,aacni.com,single-verified-uncontested-resolvable-domain
150,72831996,ORG-CDD963A83492,Torch Financial Planning Limited,torchfp.co.uk,single-verified-uncontested-resolvable-domain
151,73102402,ORG-165C1D47E770,PONTEFRACT PARK RACE COMPANY LIMITED,pontefract-races.co.uk,single-verified-uncontested-resolvable-domain
152,73473376,ORG-3A476418FC85,Full Circle Capital Services Limited,fullcircle.capital,single-verified-uncontested-resolvable-domain
153,73549622,ORG-DF1CC379E159,TELEFONICA UK LIMITED,o2.co.uk,single-verified-uncontested-resolvable-domain
154,73976383,ORG-67A2C47D66FE,Mitsubishi Corporation International (Europe) plc,mitsubicrp.com,single-verified-uncontested-resolvable-domain
155,74982684,ORG-14176833839A,Teviot Partners LLP,teviotpartners.com,single-verified-uncontested-resolvable-domain
156,75010071,ORG-A7C12BB5C034,SETH O & CO SOLICITORS,sethoandcosolicitors.co.uk,single-verified-uncontested-resolvable-domain
157,75619780,ORG-9B641A5D2015,HQ LAW LIMITED,hqlaw.ltd,single-verified-uncontested-resolvable-domain
158,75692914,ORG-72C13C0306C5,MEDICAL NEGLIGENCE TEAM LAW LIMITED,medicalnegligenceteam.com,single-verified-uncontested-resolvable-domain
159,76209103,ORG-FE940B7FA324,BULL & CO. SOLICITORS LLP,bullandcosolicitors.com,single-verified-uncontested-resolvable-domain
160,76365529,ORG-3C910EFBCF36,LINPAC GROUP LTD,linpac.com,single-verified-uncontested-resolvable-domain
161,76510048,ORG-ADFB48B8FD30,Visionary Markets Ltd,visionarymarkets.com,single-verified-uncontested-resolvable-domain
162,76627124,ORG-F7A1F3DB3036,FAIRSQUARE LLP,fairsquarellp.com,single-verified-uncontested-resolvable-domain
163,76665650,ORG-8FC35EC29DB4,Dowgate Capital Limited,dowgatecapital.co.uk,single-verified-uncontested-resolvable-domain
164,76918698,ORG-B3DBB014E29D,JRW RISK SOLUTIONS LIMITED,jrwrisksolutions.co.uk,single-verified-uncontested-resolvable-domain
165,76937331,ORG-26B78CDFA21E,Calon Law Limited,calonlaw.com,single-verified-uncontested-resolvable-domain
166,77093427,ORG-8E0F8416AD64,S & V SOLICITORS,svsolicitors.co.uk,single-verified-uncontested-resolvable-domain
167,77371891,ORG-809E3D8CA31D,CAPTIOS LIMITED,focusinsurance.co.uk,single-verified-uncontested-resolvable-domain
168,77437428,ORG-FA92BBA8D9F0,BURROUGHS,burroughs-solicitors.co.uk,single-verified-uncontested-resolvable-domain
169,77775791,ORG-9C60F488B434,KGW FAMILY LAW,kgwfamilylaw.com,single-verified-uncontested-resolvable-domain
170,78006390,ORG-3E38E0446A63,Insuremore Ltd,insuremoreltd.com,single-verified-uncontested-resolvable-domain
171,78104588,ORG-4DA50ADF0C00,CAPA Law Ltd,capalaw.co.uk,single-verified-uncontested-resolvable-domain
172,78742205,ORG-E32FA1C870F5,TRINITY LAWYERS,trinitylawyers.com,single-verified-uncontested-resolvable-domain
173,78906048,ORG-9FD09A563BA4,CAMBRIDGE FAMILY LAW PRACTICE LLP,cflp.co.uk,single-verified-uncontested-resolvable-domain
174,78913008,ORG-D48E107AFD95,DEVON WASTE MANAGEMENT LIMITED,devonwaste.co.uk,single-verified-uncontested-resolvable-domain
175,79089918,ORG-6E44A56CADA8,Humber Law Limited,humber.law,single-verified-uncontested-resolvable-domain
176,79172798,ORG-90A038922F79,Prime Legal Group Ltd,primelegalsolicitors.co.uk,single-verified-uncontested-resolvable-domain
177,79345442,ORG-C161A29E2ACF,Confidential Solutions Limited,confidentialsolutions.com,single-verified-uncontested-resolvable-domain
178,79451639,ORG-4B3A80CE80D9,ROBERT LIZAR SOLICITORS LIMITED,robertlizar.com,single-verified-uncontested-resolvable-domain
179,79700028,ORG-D2DBE0700642,HILLBRIDGES,hillbridges.com,single-verified-uncontested-resolvable-domain
180,80012623,ORG-A34C59199B89,ESSEX COUNTY COUNCIL,elslegal.org.uk,single-verified-uncontested-resolvable-domain
181,80013763,ORG-B315034C0CB5,AG Corporate Law Limited,agcorporatelaw.com,single-verified-uncontested-resolvable-domain
182,80340567,ORG-878726E9A547,MOSS & COLEMAN,mossandcoleman.co.uk,single-verified-uncontested-resolvable-domain
183,80444269,ORG-BA2CB3CDB1E3,Opulenze Capital Limited,opulenzecapital.com,single-verified-uncontested-resolvable-domain
184,80515415,ORG-2107B20B8863,BT TELECOMMUNICATIONS PLC (GLOBAL SERVICES),btplc.com,single-verified-uncontested-resolvable-domain
185,80804488,ORG-0617C7F0A9F8,SHERREY AND ASSOCIATES SOLICITORS,sherreysolicitors.com,single-verified-uncontested-resolvable-domain
186,80904690,ORG-B20CE80A948F,LAUREL & CO,laurel-law.com,single-verified-uncontested-resolvable-domain
187,81297120,ORG-8EEFF94DDDDE,Collins & Hoy Solicitors,collinshoy.com,single-verified-uncontested-resolvable-domain
188,81943219,ORG-E0325D6B7975,MCWILLIAM IFS LTD,mcwilliamifs.co.uk,single-verified-uncontested-resolvable-domain
189,82295449,ORG-99E9F5D640CA,Lex Vindico Group Ltd,lexvindicogroup.com,single-verified-uncontested-resolvable-domain
190,82554291,ORG-8C86211F79C9,IBBOTSON BRADY SOLICITORS LIMITED,ibbotsonbrady.co.uk,single-verified-uncontested-resolvable-domain
191,82998617,ORG-EC23326D3530,NORTHUMBRIAN WATER LIMITED,nwl.co.uk,single-verified-uncontested-resolvable-domain
192,83833031,ORG-9AC3514CF307,Henry Davies Wealth Management Ltd,henrydavieswm.co.uk,single-verified-uncontested-resolvable-domain
193,83897583,ORG-62ACC51867A6,EVEREST LAW SOLICITORS LIMITED,everestlawsolicitors.co.uk,single-verified-uncontested-resolvable-domain
194,83965000,ORG-C35572201B7C,REISS EDWARDS LTD,reissedwards.co.uk,single-verified-uncontested-resolvable-domain
195,84118345,ORG-D67914C7AD9B,FERNANDES VAZ,visasandworkpermits.uk.com,single-verified-uncontested-resolvable-domain
196,84475593,ORG-9C565BD109B3,Homekey Mortgage Solutions Ltd,homekeymortgages.co.uk,single-verified-uncontested-resolvable-domain
197,84945605,ORG-F42E613BC089,2020 Home Loans Limited,theselectpartnership.co.uk,single-verified-uncontested-resolvable-domain
198,84947290,ORG-812E05145AB8,Flex Mortgages Limited,flexlimited.co.uk,single-verified-uncontested-resolvable-domain
199,85324600,ORG-B764C4F3B146,ARQuant Management Limited,arquant.co.uk,single-verified-uncontested-resolvable-domain
200,85363646,ORG-FFF702AC4BAB,DONALDSON WEST LLP,donaldsonwest.co.uk,single-verified-uncontested-resolvable-domain
201,85489442,ORG-0AA29D9EAE6E,United In Defence Ltd,unitedindefence.co.uk,single-verified-uncontested-resolvable-domain
202,85705275,ORG-479420A5A96C,McDermott Will & Schulte UK LLP,mcdermottlaw.com,single-verified-uncontested-resolvable-domain
203,86038821,ORG-826CE060CC1F,HOWARD ROSEN SOLICITORS,legalease.ch,single-verified-uncontested-resolvable-domain
204,86399911,ORG-31639F1904D5,Reliance Insurance Agency Limited,relianceinsurancebrokers.com,single-verified-uncontested-resolvable-domain
205,86642065,ORG-F733CDDD2038,HOLLINGWORTH BISSELL,hblaw.co.uk,single-verified-uncontested-resolvable-domain
206,87270065,ORG-6611C4F49F85,BECKETT & CO,beckettandco.co.uk,single-verified-uncontested-resolvable-domain
207,87287319,ORG-2C050A730C47,CERTUS SOLICITORS LLP,certuslegal.co.uk,single-verified-uncontested-resolvable-domain
208,87346978,ORG-254DC3038824,LISA TONGE SOLICITORS,lisatongesolicitors.com,single-verified-uncontested-resolvable-domain
209,87534412,ORG-BC3F6389C720,Mason Baggott and Garton Solicitors Limited,lawlincs.co.uk,single-verified-uncontested-resolvable-domain
210,87556331,ORG-8F5ACF33022F,MARGRAVES LTD,margraves.co.uk,single-verified-uncontested-resolvable-domain
211,87615071,ORG-83BC2D77CB0B,MARNIX EUROPE LIMITED,marnix-europe.com,single-verified-uncontested-resolvable-domain
212,87703837,ORG-F6EC0833D55A,OXLEY & COWARD SOLICITORS LLP,oxcow.co.uk,single-verified-uncontested-resolvable-domain
213,87850442,ORG-790232F7B569,NEWCASTLE UNDER LYME BOROUGH COUNCIL,newcastle-staffs.gov.uk,single-verified-uncontested-resolvable-domain
214,87900057,ORG-9090B63E9FC1,Theisen Securities Limited,theisensecurities.com,single-verified-uncontested-resolvable-domain
215,88154744,ORG-65522D63361C,TILLY BAILEY & IRVINE LLP,tbilaw.co.uk,single-verified-uncontested-resolvable-domain
216,88402868,ORG-3E7EE7537032,Resolution Property FM Limited,resolutionproperty.com,single-verified-uncontested-resolvable-domain
217,88430036,ORG-DF68506B1A54,CHAUHAN SOLICITORS LTD.,chauhansolicitors.com,single-verified-uncontested-resolvable-domain
218,88755000,ORG-07C5389109E4,Prudent Planning (Scotland) Limited,themortgagespecialist.co.uk,single-verified-uncontested-resolvable-domain
219,88859700,ORG-B07BFB892FF4,KELLYS SOLICITORS (BRIGHTON) LTD,kellys-solicitors.co.uk,single-verified-uncontested-resolvable-domain
220,89459529,ORG-7613271CCC78,SKD LEGAL LTD,landmarklawsolicitors.com,single-verified-uncontested-resolvable-domain
221,89934864,ORG-9F537DD105DB,Counties Home Loan Management Limited,chlm.co.uk,single-verified-uncontested-resolvable-domain
222,90110799,ORG-BD08EE12748C,COLLINGWOOD LEGAL LTD,collingwoodlegal.com,single-verified-uncontested-resolvable-domain
223,90226154,ORG-5A7A7B8AFF35,HARCUS SINCLAIR,harcus-sinclair.co.uk,single-verified-uncontested-resolvable-domain
224,90770929,ORG-40525F616D48,DUTTON SOLICITORS,duttonsolicitors.co.uk,single-verified-uncontested-resolvable-domain
225,91281758,ORG-5088261B4833,Intelligent Real Estate Due Diligence Limited,iredd.ltd,single-verified-uncontested-resolvable-domain
226,91526232,ORG-047821AAC836,ARTS ALLIANCE MEDIA LIMITED,artsalliancemedia.com,single-verified-uncontested-resolvable-domain
227,91666388,ORG-BF41720CFD0E,JONES KNOWLES WARBURTON LIMITED,jkwsolicitors.co.uk,single-verified-uncontested-resolvable-domain
228,92187894,ORG-9DF08C3B90E9,XA Underwriting Solutions Limited,xaunderwriting.com,single-verified-uncontested-resolvable-domain
229,92288424,ORG-DC493CC6D1C1,RAJESH S SHARMA & ASSOCIATES,rsalegal.in,single-verified-uncontested-resolvable-domain
230,92511205,ORG-84B77CB38403,MERCEDES-BENZ GRAND PRIX LIMITED,mercedes-gp.com,single-verified-uncontested-resolvable-domain
231,92521427,ORG-74D440557D2C,JOBSONS SOLICITORS LIMITED,jobsons.law,single-verified-uncontested-resolvable-domain
232,92958007,ORG-C1CA70B5D9D4,LINDSAY FINANCE LIMITED,lindsay.finance,single-verified-uncontested-resolvable-domain
233,93026601,ORG-B4F9B4B573E4,MAJ LAW LIMITED,majlaw.co.uk,single-verified-uncontested-resolvable-domain
234,93198147,ORG-5377842A88B4,DIPLOCK SOLICITORS LTD,diplocksolicitors.com,single-verified-uncontested-resolvable-domain
235,93267806,ORG-D40B79F82459,MARSTON LEGAL SERVICES LIMITED,marstonholdings.co.uk,single-verified-uncontested-resolvable-domain
236,93299389,ORG-76AD9A0189F9,Angel Risk Management Limited,angelriskmanagement.com,single-verified-uncontested-resolvable-domain
237,93368882,ORG-875407E83F3B,Mannu Law Ltd,mlsolicitor.co.uk,single-verified-uncontested-resolvable-domain
238,93670869,ORG-6A558CDA9122,TIERNEY & CO SOLICITORS LIMITED,tierneyandco.co.uk,single-verified-uncontested-resolvable-domain
239,93817483,ORG-82F6727CC62E,UNIVERSITY OF LEEDS,leeds.ac.uk,single-verified-uncontested-resolvable-domain
240,93944845,ORG-BF6B54915ACC,HIGHFIELD SOLICITORS LIMITED,highfieldsolicitors.com,single-verified-uncontested-resolvable-domain
241,94099074,ORG-B43DBFB4DA00,Falcon Underwriting Ltd,falconinsurance.co.uk,single-verified-uncontested-resolvable-domain
242,94430297,ORG-8DF8B56662E3,KEVIN SHEARN FAMILY LAW PRACTICE LIMITED,ksflp.co.uk,single-verified-uncontested-resolvable-domain
243,94453965,ORG-B0D7CE8458E8,Mitsubishi HC Capital UK PLC,novuna.co.uk,single-verified-uncontested-resolvable-domain
244,94481346,ORG-628183B3A259,HF Markets (UK) Limited,hfmarkets.co.uk,single-verified-uncontested-resolvable-domain
245,94551803,ORG-EC8AA42BC754,LYSANDER LAW LIMITED,rhlsolicitors.com,single-verified-uncontested-resolvable-domain
246,94648436,ORG-50C84E445AC2,HCR Legal LLP,hcrlaw.com,single-verified-uncontested-resolvable-domain
247,94733754,ORG-6D7F1D15F473,TL Financial Solutions Limited,tlfinancialsolutions.co.uk,single-verified-uncontested-resolvable-domain
248,95136456,ORG-A0CB77A0B625,Lax Capital Limited,laxcapital.com,single-verified-uncontested-resolvable-domain
249,96253430,ORG-8C39729B77C2,New Dawn Financials Ltd,newdawnfinancials.co.uk,single-verified-uncontested-resolvable-domain
250,96303005,ORG-9595B0C13176,HUMD SOLICITORS,humdsolicitors.co.uk,single-verified-uncontested-resolvable-domain
251,97705465,ORG-27F22C2D1668,MIRAMAR UNDERWRITING LIMITED,bspokegroup.co.uk,single-verified-uncontested-resolvable-domain
252,98193239,ORG-62C5BB7E036B,REID BLACK Solicitors Limited,reidblack.com,single-verified-uncontested-resolvable-domain
253,98219919,ORG-B9244E61C957,PARTNERS& UNDERWRITING LIMITED,virtuunderwriting.co.uk,single-verified-uncontested-resolvable-domain
254,98300217,ORG-12A9B9C82B62,CORPER SOLICITORS,corpersolicitors.co.uk,single-verified-uncontested-resolvable-domain
255,98322918,ORG-989C1F1759C5,ProPlan Financial Advice Limited,proplanfa.co.uk,single-verified-uncontested-resolvable-domain
256,98365906,ORG-4EC136709ECD,ASPEN CROWN SOLICITORS LTD,aspencrown.co.uk,single-verified-uncontested-resolvable-domain
257,98549089,ORG-D7BF764FB140,SAMUELS LAW,samuelslaw.co.uk,single-verified-uncontested-resolvable-domain
258,98623394,ORG-42323010236D,SMITHS GROUP PLC,smiths.com,single-verified-uncontested-resolvable-domain
259,98764179,ORG-BF24FB6CE616,No Label Ventures Adviser Limited,nolabel.ventures,single-verified-uncontested-resolvable-domain
260,99281591,ORG-E3F1227A4B60,BRIDGE LAW SOLICITORS LIMITED,bridgelawsolicitors.co.uk,single-verified-uncontested-resolvable-domain
261,99752702,ORG-75FBAFBB159D,Milsted Langdon Financial Services Limited,mlifa.co.uk,single-verified-uncontested-resolvable-domain
262,99768056,ORG-DE1EAB150464,Virtue Capital Partners Ltd,virtuecap.com,single-verified-uncontested-resolvable-domain
263,99925801,ORG-C2FE08BBE2F6,BRIDGES INSURANCE BROKERS LIMITED,bridges.insure,single-verified-uncontested-resolvable-domain
264,99959724,ORG-504096C14C1D,Gavin Absolom Independent Financial Adviser Limited,absolomdurrant.com,single-verified-uncontested-resolvable-domain
265,100076467,ORG-148281421EFA,BROOKMANS & BERKELEY WEALTH LTD.,brookmansandberkeley.co.uk,single-verified-uncontested-resolvable-domain
266,100631273,ORG-DD3D8C07D1B3,Timali Limited,auroracapital.co.uk,single-verified-uncontested-resolvable-domain
267,100675765,ORG-529905682090,TILBURY GODDARD,tilburygoddard.co.uk,single-verified-uncontested-resolvable-domain
268,101022761,ORG-C87A73771C2B,B. Portwood & Company Limited,portwood.co.uk,single-verified-uncontested-resolvable-domain
269,101029435,ORG-0644ECBF458D,The King's Trust International,kingstrustinternational.org,single-verified-uncontested-resolvable-domain
270,101365975,ORG-D9A1998B6EF5,Kirrage Williams Limited,kirragewilliams.co.uk,single-verified-uncontested-resolvable-domain
271,101419409,ORG-5A461B705D9A,COOMBER RICH LIMITED,coomber-rich.co.uk,single-verified-uncontested-resolvable-domain
272,101767224,ORG-BDCC8C046CC9,ADVISER BUSINESS SOLUTIONS LIMITED,ifsnet.co.uk,single-verified-uncontested-resolvable-domain
273,101972848,ORG-A28A44EF6225,Reeves Financial Services Limited,reevesfinancialservices.com,single-verified-uncontested-resolvable-domain
274,102136532,ORG-CF194AD35653,WALTERS & PLASKITT SOLICITORS incorporating Leslie N Dodd & Co,waltersandplaskitt.com,single-verified-uncontested-resolvable-domain
275,102144442,ORG-529396DBFA96,Dechra Pharmaceuticals Limited,dechra.com,single-verified-uncontested-resolvable-domain
276,103336597,ORG-DC9D10DF8A1F,Kate Talbot Financial Planning Limited,katetalbotfp.com,single-verified-uncontested-resolvable-domain
277,103627972,ORG-4E7261A72319,Borough of Telford and Wrekin,telford.gov.uk,single-verified-uncontested-resolvable-domain
278,104331258,ORG-A8C5E88F292C,HUMPHREYS LAW LIMITED,humphreys.law,single-verified-uncontested-resolvable-domain
279,104471148,ORG-D58B652D2CCD,BROOMFIELDS SOLICITORS LLP,broomfields.uk.com,single-verified-uncontested-resolvable-domain
280,104473244,ORG-E8AF7365E446,PEBBLE COMMERCIAL FINANCE LTD,pebblecf.co.uk,single-verified-uncontested-resolvable-domain
281,104591503,ORG-391A7C396BE8,Talisman Specialty UK Limited,talismanspecialty.co.uk,single-verified-uncontested-resolvable-domain
282,104729062,ORG-652A7ED5D64C,PRISM INDEPENDENT FINANCIAL MANAGEMENT LIMITED,prism-ifm.co.uk,single-verified-uncontested-resolvable-domain
283,104883547,ORG-F4D9C773F85A,Punter Southall SIPP Limited,puntersouthallsipp.com,single-verified-uncontested-resolvable-domain
284,105232979,ORG-C93DD0A2CC7D,BIRMINGHAM CITY COUNCIL,birmingham.gov.uk,single-verified-uncontested-resolvable-domain
285,105591990,ORG-97D203146EB7,SECOR Investment Advisors (UK) LLP,secor-am.com,single-verified-uncontested-resolvable-domain
286,105996842,ORG-C0D80AEEC942,Nemo Personal Finance Limited,nemo-loans.co.uk,single-verified-uncontested-resolvable-domain
287,106155302,ORG-3EDD6D4248AC,DALE AND CO SOLICITORS LIMITED,dale-law.co.uk,single-verified-uncontested-resolvable-domain
288,106159753,ORG-B93BEE7BF550,Usher Family Law Limited,usherfamilylaw.co.uk,single-verified-uncontested-resolvable-domain
289,106332032,ORG-C1863A766962,Cooper Grace Ltd,coopergrace.co.uk,single-verified-uncontested-resolvable-domain
290,106365676,ORG-DE85205ED6DD,TURNOCKS DEFENCE SOLICITORS LTD,turnocks.com,single-verified-uncontested-resolvable-domain
291,106578992,ORG-79285A1E18E8,WINCHESTER CITY COUNCIL,winchester.gov.uk,single-verified-uncontested-resolvable-domain
292,107248426,ORG-CA2FD945BD7C,TG COLLINS,tgcollins-solicitors.co.uk,single-verified-uncontested-resolvable-domain
293,108771666,ORG-701236E04DEC,INCHCAPE PLC,ifs.inchcape.co.uk,single-verified-uncontested-resolvable-domain
294,109136602,ORG-B752AF12ADE4,Derivatives Value Advisors Limited,derivativesvalue.co.uk,single-verified-uncontested-resolvable-domain
295,109697131,ORG-EC2878528B43,HMCA/S Plc,hmca.co.uk,single-verified-uncontested-resolvable-domain
296,110131124,ORG-3E36D7BCC89A,"MAN-BARAK ADVOCATES, SOLICITORS & NOTARY",man-barak.com,single-verified-uncontested-resolvable-domain
297,110140626,ORG-45E05B118935,Platinum Choice Limited,platinumchoiceinsurance.co.uk,single-verified-uncontested-resolvable-domain
298,110627861,ORG-CE66DD7E1DC7,Stenham Advisors Plc,stenhamassetmanagement.com,single-verified-uncontested-resolvable-domain
299,110747241,ORG-54853DB1934A,HOWARD LEAGUE FOR PENAL REFORM,howardleague.org,single-verified-uncontested-resolvable-domain
300,111253592,ORG-816EDCBE86B8,LEWIS FRANCIS BLACKBURN BRAY,lfbbsolicitors.co.uk,single-verified-uncontested-resolvable-domain
301,111394416,ORG-861D7C0FE5D5,Pound Gates and Company Limited,poundgates.com,single-verified-uncontested-resolvable-domain
302,111598843,ORG-D4D10637D61C,WATERDENES SOLICITORS,waterdenessolicitors.co.uk,single-verified-uncontested-resolvable-domain
303,111834639,ORG-C49E231638EF,Southend City Council,southend.gov.uk,single-verified-uncontested-resolvable-domain
304,111885846,ORG-2D0AAA44F205,Fenchurch Insurance Brokers Limited,fenchurchinsurance.com,single-verified-uncontested-resolvable-domain
305,111929469,ORG-DC75D7B493F9,HISCOX UNDERWRITING LTD,hiscox.co.uk,single-verified-uncontested-resolvable-domain
306,112751307,ORG-4115E42DE75B,Nevett & Taylor Limited,nevettandtaylor.co.uk,single-verified-uncontested-resolvable-domain
307,112907472,ORG-79D1D5BFDB8D,ADLAMS LLP,adlams.co.uk,single-verified-uncontested-resolvable-domain
308,112930309,ORG-37BA840E36AA,MORGAN RICHARDSON LIMITED,morganrichardson.co.uk,single-verified-uncontested-resolvable-domain
309,113212489,ORG-893AEC78CCA0,WARNER MUSIC INTERNATIONAL SERVICES LIMITED,wmg.com,single-verified-uncontested-resolvable-domain
310,113596521,ORG-FD9FBDE72F75,LEDINGHAM CHALMERS LLP,ledinghamchalmers.com,single-verified-uncontested-resolvable-domain
311,113927243,ORG-22FF95C3C235,Verso Wealth Management Limited,versowm.com,single-verified-uncontested-resolvable-domain
312,114955120,ORG-D7B8D3B42321,IMS Wealth Ltd,imswealth.co.uk,single-verified-uncontested-resolvable-domain
313,115137017,ORG-F8F81FB4B6F8,Paterson Financial Planning Ltd,patersonfp.co.uk,single-verified-uncontested-resolvable-domain
314,115456760,ORG-8BC4F4903979,FUTURE PLC,futureplc.com,single-verified-uncontested-resolvable-domain
315,115537051,ORG-08C6973B8BD9,Equity Justice Limited,equityjustice.co.uk,single-verified-uncontested-resolvable-domain
316,115640024,ORG-427A81F6A7EF,Credit and Surety Brokers Limited,creditandsuretybrokers.com,single-verified-uncontested-resolvable-domain
317,115787772,ORG-81EC68A4BB24,Monmouthshire County Council,monmouthshire.gov.uk,single-verified-uncontested-resolvable-domain
318,116066707,ORG-BAF3BA56EA4A,HEMPSONS LLP,hempsons.co.uk,single-verified-uncontested-resolvable-domain
319,116076875,ORG-F31FFA81B1F0,DIVE MASTER INSURANCE CONSULTANTS LIMITED,divemasterinsurance.com,single-verified-uncontested-resolvable-domain
320,116883905,ORG-02F9B5CE35ED,MANCHESTER UNITED FOOTBALL CLUB LIMITED,manutd.com,single-verified-uncontested-resolvable-domain
321,116888001,ORG-424CB220232E,Aqua Wealth Management Limited,www2.aquawm.co.uk,single-verified-uncontested-resolvable-domain
322,116945927,ORG-C19B23A4EA99,CORONA ENERGY RETAIL 4 LIMITED,coronaenergy.co.uk,single-verified-uncontested-resolvable-domain
323,117204287,ORG-174A9209DDB0,HUMPHRIES IFA LIMITED,humphriesifa.co.uk,single-verified-uncontested-resolvable-domain
324,117640654,ORG-6FB669A730B8,HERTFORDSHIRE COUNTY COUNCIL,hertfordshire.gov.uk,single-verified-uncontested-resolvable-domain
325,118089606,ORG-BE7188BA64C3,FULCRUM INSURED EMPLOYEE BENEFITS LIMITED,fulcrumieb.co.uk,single-verified-uncontested-resolvable-domain
326,118427043,ORG-FF59E430B346,Immigrationely.com Ltd,immigrationely.com,single-verified-uncontested-resolvable-domain
327,118592156,ORG-C4D4905288D9,GOODMAN KING SOLICITORS LTD,goodmanking.co.uk,single-verified-uncontested-resolvable-domain
328,118878493,ORG-62E4B7A2A2FE,DMA SOLICITORS LIMITED,dmasolicitors.com,single-verified-uncontested-resolvable-domain
329,118967522,ORG-D900375C4ADB,NORMAN H BARNETT & CO,normanhbarnett.co.uk,single-verified-uncontested-resolvable-domain
330,119248533,ORG-091826DD351D,LARTEY & CO LTD,larteyandco.com,single-verified-uncontested-resolvable-domain
331,119900467,ORG-AD2DD710A298,EAST STAFFORDSHIRE BOROUGH COUNCIL,eaststaffsbc.gov.uk,single-verified-uncontested-resolvable-domain
332,119982137,ORG-D284783C65BA,SHERIDAN BOWLES LTD,sheridanbowles.co.uk,single-verified-uncontested-resolvable-domain
333,120058067,ORG-65CF9CCB5A64,FIELDS MACDONALD WEALTH MANAGEMENT LIMITED,fieldsmacdonald.co.uk,single-verified-uncontested-resolvable-domain
334,120077975,ORG-5013F7610B7A,AKSIA EUROPE LIMITED,aksia.com,single-verified-uncontested-resolvable-domain
335,120910734,ORG-719DE3705C06,TYLERS SOLICITORS LIMITED,tylerssolicitors.co.uk,single-verified-uncontested-resolvable-domain
336,120956856,ORG-DCC6CF8D030F,CEDAR UNDERWRITING LIMITED,cedarunderwriting.co.uk,single-verified-uncontested-resolvable-domain
337,120966452,ORG-226F135597A3,Tuckers Legal & Financial Services Ltd,tuckerslegalfinancial.co.uk,single-verified-uncontested-resolvable-domain
338,121016068,ORG-0F6534B0E5EE,MOSELEY CHAPMAN & SKEMP SOLICITORS LIMITED,moseleychapman.co.uk,single-verified-uncontested-resolvable-domain
339,121401077,ORG-F232F6D975F5,PPD GLOBAL LIMITED,ppdi.com,single-verified-uncontested-resolvable-domain
340,121411664,ORG-0040DAEACD5C,COOPER LINGARD,cooperlingard.co.uk,single-verified-uncontested-resolvable-domain
341,121715385,ORG-44E306665804,Friends Advisers Ltd,friendsfinancialadvisers.co.uk,single-verified-uncontested-resolvable-domain
342,121875844,ORG-EE1CB3CBAFCF,MEDICAL ACCIDENT GROUP LIMITED,medicalaccidentgroup.co.uk,single-verified-uncontested-resolvable-domain
343,122407360,ORG-87E24B371937,DOVER STREET INSURANCE BROKERS LIMITED,doverstreetinsurance.com,single-verified-uncontested-resolvable-domain
344,122769278,ORG-08ACCCB48000,GEORGE GREEN LLP,georgegreen.co.uk,single-verified-uncontested-resolvable-domain
345,122867704,ORG-278A2BB78C39,LEBUHN & PUCHTA Partnerschaft von Rechtanwälten und Solicitor mbB,lebuhn.de,single-verified-uncontested-resolvable-domain
346,123049176,ORG-AFFF309A7805,ICE Benchmark Administration Limited,ice.com,single-verified-uncontested-resolvable-domain
347,123159595,ORG-BF57FDD39DF3,DOYLE CLAYTON SOLICITORS LIMITED,doyleclayton.co.uk,single-verified-uncontested-resolvable-domain
348,123163881,ORG-51ACFC54B0E4,Kinley Legal,kinleylegal.com,single-verified-uncontested-resolvable-domain
349,123598307,ORG-2DFB77CC9C45,THE LAW OFFICE OF RICHARD STEPHENS,the-lors.co.uk,single-verified-uncontested-resolvable-domain
350,123755914,ORG-428AAC8009BD,ASPEN MORRIS LTD,aspenmorris.com,single-verified-uncontested-resolvable-domain
351,124140860,ORG-0C2A39D13EA0,MI SOLICITORS,misolicitors.co.uk,single-verified-uncontested-resolvable-domain
352,124298639,ORG-C8E33EFC9527,BEESTON SHENTON SOLICITORS LTD,beestonshenton.co.uk,single-verified-uncontested-resolvable-domain
353,124325409,ORG-9EA1D3A992A2,Beyond Conveyancing Limited,homepropertylaw.co.uk,single-verified-uncontested-resolvable-domain
354,125131436,ORG-C6E4919CA4D3,MILKSTONE LIMITED,milkstone.co.uk,single-verified-uncontested-resolvable-domain
355,125276809,ORG-6208A7FCCD74,BRUNSWICK LAW LTD.,brunswicksolicitors.co.uk,single-verified-uncontested-resolvable-domain
356,125359113,ORG-3E40186CF489,Diagram Capital Ltd,diagramcapital.co.uk,single-verified-uncontested-resolvable-domain
357,125401724,ORG-DFBAF3CFD8C0,Phillips & Cohen Associates (UK) Limited,phillips-cohen.co.uk,single-verified-uncontested-resolvable-domain
358,125458092,ORG-658D5F1FF2CD,JOINT COUNCIL FOR THE WELFARE OF IMMIGRANTS,jcwi.org.uk,single-verified-uncontested-resolvable-domain
359,125724073,ORG-D8FD7E121939,ADD WEALTH MANAGEMENT LIMITED,addwealth.co.uk,single-verified-uncontested-resolvable-domain
360,125871953,ORG-D19088B64EA1,Clearly Loans Limited,clearlyloans.co.uk,single-verified-uncontested-resolvable-domain
361,126309178,ORG-07028D8F65C9,SCOTT CONSUMER FINANCE LIMITED,scottfinance.co.uk,single-verified-uncontested-resolvable-domain
362,126345380,ORG-8559730A28D0,CHARLES NEWTON & CO,charlesnewton.co.uk,single-verified-uncontested-resolvable-domain
363,126752186,ORG-8EAB8D803F76,DWYERS SOLICITORS,dwyerssolicitors.co.uk,single-verified-uncontested-resolvable-domain
364,126966502,ORG-2A4CF10FB3EC,PALMERS SOLICITORS BEDFORD LIMITED,palmers.co.uk,single-verified-uncontested-resolvable-domain
365,127175333,ORG-6A9D67E563BA,Post Assurance Brokers Limited,postassurancebrokers.co.uk,single-verified-uncontested-resolvable-domain
366,127376652,ORG-19C780417781,Evolve Wealth Limited,evolvewealth.co.uk,single-verified-uncontested-resolvable-domain
367,127593042,ORG-51CA4706D5F0,CLP Solicitors,clpsolicitors.com,single-verified-uncontested-resolvable-domain
368,127624577,ORG-BFE6C1F08C16,Principal Real Estate Limited,principalam.com,single-verified-uncontested-resolvable-domain
369,128218808,ORG-0F949E0E36A4,CITY AND COUNTY OF SWANSEA,swansea.gov.uk,single-verified-uncontested-resolvable-domain
370,128756798,ORG-7DD0C395069D,Pacific Capital Partners Limited,pacificam.co.uk,single-verified-uncontested-resolvable-domain
371,128838035,ORG-34550B67DBD9,Exchequer Risk Management Ltd,exrm.co.uk,single-verified-uncontested-resolvable-domain
372,129000251,ORG-D7F7E33EE0E9,GALLIFORD TRY PLC,gallifordtry.co.uk,single-verified-uncontested-resolvable-domain
373,129061600,ORG-9F13B41EACB5,KAYE LITTLEWOOD LIMITED,klbusinessandlegal.co.uk,single-verified-uncontested-resolvable-domain
374,129084922,ORG-D7EB2B9EB095,Shaw Solicitors Ltd,shawsolicitors.co.uk,single-verified-uncontested-resolvable-domain
375,129218448,ORG-1248C5363B29,Providence Equity LLP,provequity.com,single-verified-uncontested-resolvable-domain
376,129239073,ORG-53FDDD1A720B,Sterling Professional Finance Limited,sterlingpf.com,single-verified-uncontested-resolvable-domain
377,129278452,ORG-39153A0E98CC,HAINS & LEWIS LIMITED,hainsandlewis.co.uk,single-verified-uncontested-resolvable-domain
378,129841629,ORG-26F245F480EA,THE INTERNATIONAL SOLICITORS LIMITED,theinternationalsolicitors.co.uk,single-verified-uncontested-resolvable-domain
379,130217810,ORG-F7194C5874E1,Strategic Financial Solutions Limited,sfs.uk.com,single-verified-uncontested-resolvable-domain
380,130482516,ORG-02DD3CF81C3A,Lobourg Limited,lobourg.com,single-verified-uncontested-resolvable-domain
381,130655190,ORG-5B868ADE1181,GENTLE MATHIAS LLP,gentlemathias.com,single-verified-uncontested-resolvable-domain
382,131898829,ORG-111728EA8A86,IMR SOLICITORS,saslegal.co.uk,single-verified-uncontested-resolvable-domain
383,132514581,ORG-1E609AB743F7,HOWARD INSURANCE SERVICES LIMITED,howardinsurance.co.uk,single-verified-uncontested-resolvable-domain
384,132583675,ORG-599F2BEE566A,Attivo Investments Limited,attivoinvestments.co.uk,single-verified-uncontested-resolvable-domain
385,132791081,ORG-919A8A193414,MARSONS SOLICITORS LLP,marsons.co.uk,single-verified-uncontested-resolvable-domain
386,132828658,ORG-6CD807974B88,My Finance Club Limited,myfinanceclub.com,single-verified-uncontested-resolvable-domain
387,133061270,ORG-B032706A9516,"ARTS UNIVERSITY BOURNEMOUTH, THE",aub.ac.uk,single-verified-uncontested-resolvable-domain
388,133160897,ORG-5F37F4B59093,ROCHE LEGAL LIMITED,rochelegal.co.uk,single-verified-uncontested-resolvable-domain
389,133260875,ORG-DD307825B789,ROADCHEF,roadchef.com,single-verified-uncontested-resolvable-domain
390,133675782,ORG-C7B50BB45406,Turpin & Miller LLP,turpinmiller.co.uk,single-verified-uncontested-resolvable-domain
391,133974807,ORG-08BDA0B8CA8D,BABERGH DISTRICT COUNCIL,babergh.gov.uk,single-verified-uncontested-resolvable-domain
392,134215974,ORG-BCD00860DF12,Aequus Wealth Management Ltd,aequuswealth.co.uk,single-verified-uncontested-resolvable-domain
393,134394206,ORG-3FB2ED20C8E8,Acrisure Re UK Limited,acrisure.com,single-verified-uncontested-resolvable-domain
394,134715998,ORG-7EBDB1E47331,Ptarmigan Capital Limited,ptarmigancapital.co.uk,single-verified-uncontested-resolvable-domain
395,134838150,ORG-3006D47FBD95,Tyler Capital Limited,tylercapital.co.uk,single-verified-uncontested-resolvable-domain
396,135031973,ORG-A741FCDFD4D7,Future 30 Global Ltd,future30funds.com,single-verified-uncontested-resolvable-domain
397,135127669,ORG-0EE1880A07AC,PRECISION BROKING LIMITED,precisionbroking.com,single-verified-uncontested-resolvable-domain
398,135136539,ORG-DA1F4B2E0A18,CD&R Galaxy UK Opco Limited,vialtopartners.com,single-verified-uncontested-resolvable-domain
399,135293916,ORG-01D7A957C80C,Butler & Co Solicitors Limited,butler-solicitors.co.uk,single-verified-uncontested-resolvable-domain
400,135529776,ORG-B219F9671148,ROPEMAKERS SOLICITORS,ropemakerslaw.com,single-verified-uncontested-resolvable-domain
